INSERT INTO Asignatura(id_asignatura, descripcion, fecha_creacion) VALUES (1, 'Matematicas', '2022-02-14');
INSERT INTO Modalidad(id_modalidad, descripcion, hora_fin, hora_inicio) VALUES (1, 'Vespertina', '2022-02-14 13:00:00', '2022-02-14 18:00:00');
INSERT INTO Malla(id_malla, descripcion, estado, fecha_creacion) VALUES (1, 'Bachillerato General Unificado', true, '2022-02-14');
INSERT INTO Malla(id_malla, descripcion, estado, fecha_creacion) VALUES (2, 'Educacion Basica', true, '2022-02-14');
INSERT INTO Periodo(id_periodo, actividades, costo_matricula, costo_mensualidad, fecha_activiti, fecha_creacion, fecha_fin, fecha_inicio, id_malla) VALUES (1, 'Periodo Lectivo 2022-2023', 40.00, 60.00, '2022-03-01', '2022-02-14', '2022-09-01', '2022-03-01', 1);
INSERT INTO Periodo(id_periodo, actividades, costo_matricula, costo_mensualidad, fecha_activiti, fecha_creacion, fecha_fin, fecha_inicio, id_malla) VALUES (2, 'Periodo Lectivo 2022-2023', 30.00, 40.00, '2022-03-01', '2022-02-14', '2022-09-01', '2022-03-01', 2);
INSERT INTO Rol(id_rol, descripcion) VALUES (1, 'Director');
INSERT INTO Rol(id_rol, descripcion) VALUES (2, 'Secretaria');
INSERT INTO Usuario(id_usuario, usuario, contrasena, est_usuario) VALUES (1, 'Admin', '12345', 'Activo');
INSERT INTO Usuario(id_usuario, usuario, contrasena, est_usuario) VALUES (2, 'Recepcion', 'hola', 'Activo');
INSERT INTO Rol_Usuario(id_rol_usuario, estado, id_rol, id_usuario) VALUES (1, true, 1, 1);
INSERT INTO Rol_Usuario(id_rol_usuario, estado, id_rol, id_usuario) VALUES (2, true, 2, 2);